b1f620af-61f5-4951-9270-83cb54c7c738,0
9bd68225-08f8-4d64-bed9-c81bb29043e9,1
15e41217-7bff-49b9-bb4a-cf01ffab4ba3,2
e50471f5-e496-44d5-a658-af86f4d4a134,3
f6a960e3-c537-4944-9779-4a117d6268be,4
85d31a39-928a-4af2-bbe1-cca1c3f91cdf,5
fa9ee30f-9729-48e1-8009-2e7ae53e1626,6
d07cf9f8-7f7e-4db6-9793-94e30146e5ba,7
481c6c3e-6bb3-41b3-9c0c-6f26d842d409,8
722b84fc-f41c-461d-8578-a93c88992139,9
92580737-5014-479d-bd60-db795d108cdb,10
945c812b-0d65-4dd3-b488-f86b01697ee2,11
1a58e472-df0f-4df4-ad1e-d4ce71b58eef,12
828fe4b6-046e-4622-a193-dbb62f5cea1a,13
9d7acb2b-f2bb-4ea1-95b2-5eda32cc7790,14
6389bfce-8361-42b2-ac8e-d56b0ceedac7,15
5f29514f-fc6d-43bf-a993-cd591205130e,16
8c1a440a-482b-4b2c-b23a-566709b4a5ec,17
f5312650-1bb7-4d50-9082-a083947c03e9,18
31101d92-b92f-46e3-8759-d2eca8a2ea4a,19
e3435183-83ff-40b6-85af-26f7bc87a0a4,20
6e3f5ddf-fd01-4bac-974b-333b1e435efb,21
388804bf-80ed-408f-b312-0d68d80192e4,22
f7ceae9f-09dc-40aa-92be-876a8ce23751,23
0a33d3cf-1f5d-4e5b-89e7-06e3d212a67b,24
75af5cd8-5e95-4712-a8ca-83a5395a7835,25
80c070d2-5bbc-43a7-8c00-218a3286b6f2,26
c85d356f-0204-404d-8147-a4c120e81e51,27
b2ad867a-e796-42b8-8bf8-e4c35193d510,28
5d08f195-182d-4566-a7fc-3b2d55a237ac,29
4d1c76c4-9bbc-40d1-a1c8-46c394a8b029,30
3b050288-af37-4783-bed2-a0c61482d26b,31
4e102867-1230-4f37-83a5-29dd40759487,32
ced8b0da-2470-447a-bde1-f6082cf348e7,33
c82dbb10-2c25-4df8-8bc8-3f04089d6ba0,34
141039dd-4146-4161-8567-4481535ac818,35
e22b906f-ab60-43fe-a123-28de499e257e,36
574bae85-4d63-4cb5-82f9-6ee68c7b3a78,37
c2762501-f8a1-4ca0-a21c-5ad97397ecfd,38
53a2cce7-687d-4278-b2c3-53cdd96f35c4,39
0977b393-a3ac-499a-8670-021167631444,40
1c040588-1d4d-4c59-b61f-1c284141628a,41
f28b1b48-0546-4bde-b0d6-212a1db5ecc2,42
e8314cbc-744f-4cb5-bf95-1300d8f394bf,43
45bd795d-f20d-43ee-96c5-f808c12e3d90,44
71f9b02d-3fd8-4999-b3aa-7c22c984c5d8,45
268d6da3-ba13-429f-b860-4ac96e25a63d,46
e2651889-a2ee-4661-b211-d0808b297986,47
51a0ee64-42fe-421a-9f15-4e934bc9d700,48
8b2f89e0-04a6-46b6-8763-ecefe496a37b,49
e5091fcc-93c5-456d-be78-b00c7b0e86bc,50
3ed96aaf-cf4d-4e7d-b427-d187b911fb7d,51
d2393f11-ac70-4b99-91fb-46812f535946,52
e508433b-6ff0-45c0-abe1-07280b73c981,53
79a5ef28-adc3-491c-88dd-aac51f3e7e14,54
73bfd9e8-8d1a-4d49-bbff-b2eb66e0993d,55
58abfac0-1517-4345-b168-e3e086157358,56
25412e05-6042-4851-ac74-a9061fc97fb9,57
de24a45a-466b-4cc4-a569-9e0e91996626,58
c77d347d-c99f-4b2d-a83b-58d3db676e22,59
a7b42095-5414-463c-a41c-e4e1899dd12a,60
a4505754-5c3f-4740-8261-087939ef3c74,61
d0dca32f-80a6-4f76-a152-42d8b5e601f2,62
9ec1461a-90b7-45c1-b775-b1f089abe6f2,63
afbcc5c3-8de1-430e-b5cf-0cc479631da6,64
e5e12261-e76c-44cc-b3cf-001dd4ef1d92,65
930407cc-0165-4258-95fa-63e9a14f5c5e,66
4d020a2a-ae5c-4c0c-90d2-b62afa3c73d6,67
665d1bce-2d07-45ef-a7b4-c4ea7a452856,68
0099b9e8-e719-4db5-b4df-fc6a5accfec1,69
781e86cc-2ab9-49d6-ba91-546c4fbe1e41,70
1b46074c-a32f-4d7c-9e36-b9f3277c1df1,71
87611f7c-98ab-4f22-872b-5c475d307bb6,72
adbbe6b2-ecdd-4801-aa22-0696e377df1d,73
b084a146-5273-4d12-bc4b-274e8d9d2644,74
a7250107-04b6-40a9-b422-df63b74ee29f,75
d9d80e90-650a-4f38-9dcf-366a90111067,76
a239c0fd-3eef-443f-91d2-3d6ca8878387,77
ed421240-83cc-4a14-b3f5-b82e900706c6,78
2dafb151-60ba-4312-b6b0-a1eddb387382,79
6a5bb648-121c-49b4-9360-e0e4c2a78a2a,80
fc0fe0fb-ab93-4cb3-9aee-ae8fd1b8d546,81
39712cc8-17e4-462a-b900-fc4e98fbdd8c,82
1a2ad377-e621-4f8d-bbc2-f0ea22f32abe,83
7ea339ce-b424-4ab0-98ab-814e695c588f,84
f55f13f5-ff5a-4338-8a5f-41d2cf66bccb,85
d0b89251-03fd-4d59-8a01-486b13e18128,86
d4058935-f586-45bc-a79c-f9e1a1451055,87
ac6fd851-e644-4035-a60a-e68f645c2dff,88
6e213279-071d-46bc-af8d-4bc7517de6dc,89
ff55b26e-3a45-4370-9f32-3d80eaa5c223,90
89260b7f-e912-4fc3-90c1-07f603673d97,91
01e93a5f-4cfe-45ff-855d-3a585b045965,92
47348c31-bcf1-4946-9d92-db96903c9ae6,93
eae955fb-6e80-4b59-9f04-3b0f8380d7ee,94
19970d86-954e-47bb-a7b7-6ae23b92ca62,95
2cd898fc-e438-4d29-afc3-2d47e922f998,96
6255acd2-0591-4e12-9567-c65ceaa7d9b1,97
92cfe1d8-0845-4b8b-b87d-3764edbda324,98
ee00ff44-84f5-4260-b50a-255e367b5bb5,99
39b42a44-6b44-455e-bbd9-67ba4c5574dd,100
6b67a580-06cc-4444-b72b-7f4301d7d0b7,101
55175bdb-ed9d-4bc4-a296-04e3f71fe15f,102
51ef633b-fd6b-4b49-bbc2-4b9004eee681,103
cb83e9f5-c335-4d58-a9c4-c495fd9f5bfb,104
848bfa76-1e10-4c53-8fdc-c52616ae05ff,105
2781efac-07d5-4329-a3bd-72ca37afc698,106
9a7ca85f-3676-4e91-b752-84db35ba37a4,107
201bb0cd-bc2c-44f0-adca-9e1af14e7599,108
da9e3768-3ddf-4e68-b750-e5f64dbf1c03,109
5663bb8b-a684-4d39-ba41-b988a318c7ae,110
106be4a1-9187-4543-b452-70608da08736,111
54cff16f-72a2-47a6-8e5d-cfcf20998114,112
1b56ebb6-1b84-48aa-bdda-eabdb1d3bfec,113
e5c06842-1c01-4a05-961c-fef58268a5b3,114
f4283f0e-fd98-4094-942c-fb0a4c87a9fa,115
0fdcfd37-b028-49f9-b7b2-7efe71dae885,116
b0cb78a1-0827-4138-922b-0c98805eeb02,117
03e913c1-25e7-4789-b49d-bde3d012bd24,118
25d5d999-f2e2-42a8-b32f-73dd986ce507,119
60d9889d-d075-4673-8270-53dbec8ea4ea,120
75735981-b57b-4b4e-973c-3772f7415789,121
49931462-3764-4ce0-ab63-4df9b81041f7,122
99f46a0b-fe87-4ee1-a70e-134f2cfd81f6,123
42494aca-ec7a-4390-9888-ccf05be733f2,124
77e9e722-f59d-4b30-bcc0-a819e5c95295,125
1dfa8a8a-da34-4733-b70b-bc7e7d1b155f,126
aa4afa5f-65ae-49d0-9185-86f86a623e72,127
d8c1a092-da3b-420a-bf10-f761f2866309,128
f3952d19-36e5-4cbc-84ad-bf11e6736361,129
45e8c0b6-c528-465b-855a-e0e6bb7f03ac,130
60676bc8-76ed-4c73-b2d4-eac3f82d9662,131
7f2c70e8-2f4b-45f0-a6a9-e50bc47544f7,132
dd86b79d-83e9-46ed-81e6-b095f81a4c6e,133
89c1abaa-f241-4ca5-80cf-faaf169df2c9,134
902405b8-e26f-4886-823a-fa4325467e76,135
10f6e3ec-8830-4b9a-a35f-0fac9bd65f9b,136
ed920f48-ec6e-4c25-8e31-a47370b9cd4d,137
921dd810-5ee2-4770-8eae-cfb0eb2e0c87,138
34ff1f69-3c68-41c1-ab1a-49b97f27d421,139
f1705f87-f341-4cef-a1d6-084095dd3691,140
2759bfef-d8ae-4d12-84e1-f10e59c02dca,141
c9ffb750-bfb8-4780-bc7a-b8140bb495f5,142
9dc9beb6-cb6c-4c58-a1c9-7a7888cbd288,143
b8999d7e-5e4d-4e59-a5e3-b19172799376,144
2a19f99c-dd27-4204-8fbc-fe1ffbf885a6,145
2ac23cad-8893-44bc-9b54-26b9b8d5250a,146
100e02e9-af1a-431d-9127-bae1dde19715,147
6177385b-a2ba-4569-bd84-1fd288ae218d,148
eff31c8e-5563-4ef0-9f74-ed105e8c1a39,149
53d1a234-25b3-4f15-a6a2-a95ebc97707d,150
470b75e9-3dd2-44ad-a97e-30fe9ee86764,151
31e1221e-6029-41fe-8910-8d459ffc1493,152
0600db6a-d276-44bb-86d2-adf4bdf5c603,153
2603d362-522e-40c4-96bf-dd567d762b64,154
23048854-835a-4c14-895b-4c9986bb287b,155
8f4e5869-4f2b-48ca-b5a8-c720c2e24990,156
db0f2da1-cdfa-442e-84d8-d023aa2b1d24,157
1eb49ed0-e75f-487d-98b2-6f4a37f6d608,158
65bbc9f4-ba3d-4352-b7b1-558c07ec5b58,159
0720e376-44ba-4627-ac0b-e77fadce6761,160
107741f4-fd88-4de3-a5cc-47271f2d668f,161
30204251-991f-4861-a48d-75443c2334b1,162
9e70a9a2-434d-4a5f-afb7-8f08062bc465,163
e59e546c-71cd-4105-9e75-3040ea7222e9,164
aedffe21-780a-428e-926a-6aa8c8696aed,165
5cfc0472-9c21-499c-98de-a8dbb2b0cdbd,166
815f7459-a829-44e3-bc1d-436f768138b8,167
32fa0468-e26a-4e12-b938-6fecc8c6cae7,168
d6478ee1-6afa-4ac8-b45b-aa6997ca0b4b,169
3eafc0bd-7323-47a4-8fd3-03e3ea4b0e3a,170
103cf008-2f28-4b89-956e-3299c606c3c4,171
faf424dc-aa78-43c5-8a0a-43db3362afb0,172
4a0171f2-26f8-4326-95fa-7dd8f195c3c6,173
d3b9fde2-d404-4a83-9531-e0814f380540,174
3990cfbe-a739-4f86-bda5-7c2f5e7cd61e,175
00b75983-47c9-4106-bb14-cd81fdfb54e2,176
cdf5f57a-2884-41bc-8fae-57ddf7153aa5,177
6670647e-dac6-439b-8f6a-d82d344ab596,178
608105c1-2293-4f86-addf-4bfd8f6969f2,179
f48000ee-e796-41cd-af2a-46b1b65ae8a3,180
d3c465d9-5daf-42cc-8695-12ddfd077388,181
b4c4af67-43c1-4d38-8802-71fcaed058d2,182
fc9d2bcf-f768-4513-95e7-37597c8a19d7,183
e365443a-c62e-4701-afe4-75ace9562fc2,184
52c7eeb1-f12b-4717-b664-97dd0654fb22,185
75cbefee-b9e2-4988-893b-0e27dff10346,186
ba15fcee-2786-487f-889f-9cb8453f6272,187
d2c79061-12fd-4ad7-9e5e-7d270f444983,188
06e45f87-5cef-4454-8afa-ff62be3c5af0,189
8336cecf-14a0-4490-ba93-f1b7dbf80b7c,190
bc0fff39-4723-452d-baa5-f39fb24a29ab,191
725f37ed-27e2-4ae3-b11f-3b1e1cbf8482,192
e4039248-3899-4d03-8dc7-e125fbf8a452,193
6aa34b90-1156-496b-a6bf-fcfaf9f442f1,194
e0b37e75-a473-4d80-ab74-1bbbe6d69e05,195
0352dc6a-69e4-4091-8780-ffac7fd30d14,196
766827bf-b406-4df1-94f1-779d107236cf,197
b9aa0765-247e-42b9-ad72-c59fc235598c,198
0a53e85a-f2ec-4176-b007-3da1d18e3c48,199
87ec9073-8212-404e-a27e-79c9e4af7b93,200
793c2c0c-7aba-4b16-88b7-951515c1611d,201
34cbb583-6299-4ce7-92e5-b3df3d775b06,202
96ad7450-96d5-41c4-b8b4-f7562ad5eb56,203
78795fa5-fe4c-441b-bcce-c832654db114,204
52e852dc-e296-4a66-bcec-e37b11ff4c93,205
aa1f1a1b-08f6-4787-b1a3-08fcc9fae065,206
375f2742-58ed-4a5f-9137-b7f44d7e27ff,207
2a14d729-e1dc-4532-9d5b-10ff3b9ffd1f,208
794f39e2-fa1d-4eed-9bb9-829b2b32a330,209
f3a4c6e1-8e52-4306-b274-4f7946e18d74,210
e7f7cc8d-2605-4247-9bdd-0eb0d68787b7,211
2acfb996-51e5-48c3-af3d-5da7b546e016,212
b8a61fb0-2ba3-42b0-835e-82f8a2dcb004,213
cb7a7d7f-77b1-445c-8cae-74530aca1feb,214
7b99ea3e-12a1-444a-9504-dee0d03c080e,215
ed0f2d68-89fa-47a0-85d0-89e37ad09721,216
6982a096-a0fb-418a-b159-20717f5032a1,217
538245f5-370d-41d4-9b87-997ea63234fd,218
dd803fa9-3321-4b0e-9cc5-094b0b2f4b86,219
12e3af42-82bd-46cf-88d8-c8a7099cc029,220
343ae294-32c7-4cce-a47f-657736f02674,221
4f297b54-731c-444c-9030-97ea54c293a2,222
2e231d74-2910-4520-8e71-d3ed0f889e66,223
6562ce61-46f1-4940-a995-586d4b174efc,224
2fa6a039-c51a-40af-9328-0e679a0976ac,225
27fccf0b-33d2-4e4b-9812-af43fca893f6,226
139560ff-a291-41c3-98d0-d757ce65f3db,227
729624b5-fa7b-4a07-b34b-14504939e786,228
ad8515f9-1d6a-4b2c-a052-9bb30cdf54f9,229
545d13b6-7de5-44da-8c93-b76a1c7f78c2,230
632e922d-5fde-4240-bdc1-ce623f67bc67,231
62a302d6-1d95-4782-a062-3719cda5bca1,232
51b51963-1b15-4042-8b5e-edfa7e098135,233
cdf04572-75c3-4800-83d3-ec2db1342c7f,234
7036c92d-8270-4cfc-8258-26cd4623ab36,235
f5af802a-d7fa-492b-a629-48ca119712fc,236
c516fe0a-2c40-43d6-bee7-31f7eed2a5ed,237
e1fb79f2-5006-4079-b026-e0f4bcb68e96,238
1ceb4ae7-0950-4128-a154-a0b9bfc0c853,239
b5aede21-f512-4b87-92df-fbf2a67439e8,240
39499758-e332-46d0-a3aa-573dda192ae9,241
4d7b63b1-88f7-435a-95af-b0d32208ef45,242
f7a9555c-60ae-485f-a2c7-dabfb874bfed,243
57989ca3-0255-42ba-a28d-55cab832e6e7,244
061c9892-67e2-49c5-ace7-6f58c8f56bc2,245
20a2faf5-1e11-4f58-86ac-1e322c26e3cc,246
09d6d73a-ad1c-4d91-b4a2-c90dd5dfcbcb,247
033aaa90-d21e-4da0-ac25-dee106a1278b,248
e88f7b4f-f71f-40f1-9c5a-e7c9411f7d8a,249
a377d831-35ed-4c15-b75a-026f7c1feefe,250
93cc303e-c433-4ba8-9ac8-bca98be90720,251
09f87162-08f5-440e-9ca3-95969413ecfe,252
1c81fcae-d3e4-42eb-9b74-cf9c72d77fde,253
42307f9e-4473-48c3-8797-5ada0614ba30,254
e53300e2-b4db-4137-93a5-dec9752adcf1,255
58161830-74fc-411b-8b26-3ab6c29c9e38,256
3da2012d-1669-49c3-8051-fc2925ec7512,257
5db0b790-b832-4f95-bbff-0ba5dc474511,258
cf14f86c-0a70-4571-af5a-a3929f953812,259
1d4d35b5-bc49-40d2-9560-683604814e73,260
1d2fa973-3eec-447b-8534-f07c321d541b,261
1fedfa23-6416-4ef3-b606-ac3d83922983,262
770681ea-7ea6-459b-9cc8-c8b065d8fcda,263
f689e25e-b68f-424f-9647-db5b2d45ae64,264
8f94b1b8-0aa9-40bc-8b4d-3173fa99c149,265
60316e0e-f025-4a01-9c7d-2e65eb278fe9,266
b953c7d5-7224-4ae5-9b84-5cba3301f66f,267
b0942b8e-2471-400c-9ba1-8c33a8a8b3e8,268
657dcb61-61eb-4845-864e-bbb18c37a084,269
654687c0-502f-4b23-91dc-2becf7f5e64d,270
6712b058-7a65-4776-b431-767a6f2bd050,271
13680e9b-244e-4190-8350-a1a85f6bc0e0,272
802ceefb-047e-4712-8311-3dbd571734b2,273
19d88564-3223-4d3a-ad4b-4c8e225c0b0e,274
cd7324b9-a616-4081-a6b3-db9bfdff2fa4,275
160479c1-b6e5-40c0-b2d6-b4f3bf216f4c,276
92477bf9-585c-4447-a6b2-6fd92c9d4799,277
365e8e7a-aed4-4773-a509-f62905b0237e,278
732d8854-2f14-4afa-86f5-584d7ef25217,279
3ae42c1e-627a-46ed-a516-2945d1a4d879,280
8a052745-0cbb-4706-8c7b-cd0547ff747d,281
28e9d340-d56a-4c0e-a579-595b0a1945f6,282
c73b5f79-9c15-420a-adfd-636883038443,283
b6092e0c-38b4-4802-8d3b-9b34f5dbf275,284
cbb29836-fedd-4f9a-8d74-f00ca2fadf14,285
0a555419-c4b5-475f-b4db-325f30294419,286
26dbe7d9-a120-4bfc-b310-996a311dd670,287
1218723a-142f-4b41-8a26-8a5849ce2071,288
c8add8b5-a0de-44ab-a1fc-6a35e71bc13c,289
ddbb262a-c965-48a4-86e5-e81e03ed848a,290
7abc4692-086b-4b52-85f8-0009b5155746,291
c2dc47ba-5426-41bc-849e-31aace8cbafd,292
537da918-17b0-4c2f-8620-757bf84286dc,293
53022777-8125-444b-98cc-9a59ceaa86a1,294
d8a0e477-b198-4181-961e-f375f9a603ce,295
8da7d9a2-e6d7-41b2-b725-733e64d07caa,296
2748f37b-4954-4c60-a920-5995eb0df416,297
2a11ab82-9e04-42fa-b4b5-7d4925c36861,298
1c6cc622-412b-4f56-be76-5e17b24703bb,299
b91be81a-26ca-4291-81b0-7fe9bfeb49e1,300
420612a4-e6f9-445c-9a2f-289f9414c884,301
4990ae8a-b1e0-4cd3-850f-2d4e592b692e,302
2a4615f3-37e0-4f0e-b1ce-384abbbc37aa,303
6aeedf5a-57f0-4092-ab75-ceb95b24086e,304
ba911258-0465-432b-a579-d49c9b8a13f8,305
8961b6ca-2db4-4168-b963-98e30ca7f937,306
600c2b14-b0df-4497-ac2f-a1dd5251b118,307
7fa09f05-df40-433c-b2cb-36eb4800ffd8,308
59d3bbe4-f711-474a-8d58-e395f44ed55b,309
a03cc4ce-ff25-4f77-80b5-7095a0848fb9,310
56f2054d-f1ad-4feb-a009-64e541776022,311
6cdfcf21-6045-4034-b2da-8c70346b456f,312
da938452-8a25-430a-ad5a-f75c39b22465,313
21543ac7-87d4-465c-a26d-9968727035c2,314
b9383f45-24da-45aa-af52-b944a05a90e3,315
a9199e64-d86d-45fa-8339-47108991062e,316
d2ede7d1-aea6-4033-9288-cf6c62b1c637,317
5ecd07a0-366c-4c6c-adc5-f866c9cb054e,318
5388acba-6549-440d-bb1d-1cd0d1f28a35,319
3c5d1f8a-a833-4717-9b10-de1c5a11bf4c,320
c3857977-2a5b-44e5-8df6-a6dbb5f9754b,321
0b118468-10a8-418d-a642-108c0e67b105,322
f69975cb-9dab-4fb6-9118-e55b15e99502,323
ebdac3bf-71c3-4e07-9d91-62ae08fd7bee,324
0233ff0f-cc85-4364-be8a-ead4fdb66453,325
56e9e8c8-b50c-4073-acf5-781cca93a61f,326
533d24d0-1e21-4ba7-adbd-c3d08322db21,327
db63ef73-06df-4ae6-9897-b6a3272bb905,328
875c651e-e106-47a1-9fce-fead7c841ded,329
5617e9f9-9ad0-4c6b-acb9-713992ab3892,330
f7c5c6f2-e7ac-4527-a350-171c735893ea,331
6e04b7db-1fa8-4172-beb9-a46d48506786,332
7d8f1b46-ca88-489f-aa2f-b4a6825ec004,333
04d02c57-eed4-49ea-8966-eafd08c744de,334
8f74548e-475c-493f-9f14-ad17bb220045,335
cccf7acc-7689-40db-9398-8c0de241b880,336
ed59fc03-dd9e-4b37-81e5-95a173c2e60e,337
68bd6051-15f5-4bf0-a171-e17c4d37b499,338
d1864f41-7998-4fd8-9067-21c258796973,339
8da11563-806f-4899-b0d6-235d9514fcc2,340
308027df-72b0-4f43-ba32-8adb6a1b21ed,341
d2979432-76d9-44c6-8852-c232859091a8,342
f5fd38e2-d3a0-4685-94f6-2e405d8ea994,343
105b7299-593f-4ed7-b7a8-29c32989960c,344
b0ba611e-57ff-4898-93d3-1795c0f58d77,345
e0ada5e7-fd89-4a63-91e2-c08a56d7378b,346
382c873c-bb4a-4a6f-a8fa-097d03932223,347
b397649c-8e77-4e2a-a816-ff1a4a067d38,348
5024f806-2876-41ca-acf7-47331ac1fcd3,349
97ca7c7e-cd6f-45ea-9c7c-0ac0f6b1f40d,350
32d43391-daa3-4406-95d5-5689807f10b2,351
37577980-3edb-46d0-9675-d2f6d72bb196,352
d62c9e3c-136c-4e03-b2b8-9c2b0e0b7d49,353
63c3d04b-fc80-42ca-a974-eaf4a2962fef,354
234502f6-fb06-40f9-9b0e-cdf5b067783d,355
2ae335c1-9cc1-42b4-9668-bfcbfc1ce54b,356
141ae3b9-4101-482e-9e9e-5689bcfac6c7,357
7419e164-d5ae-48c1-b5fb-8cccbcf45f15,358
d1c44aeb-510a-40c8-99ae-130bcef0bb40,359
3caa90ba-5423-4437-825d-240834b5ec41,360
01c7029a-60e9-45d8-b7e3-2041847a2202,361
a9637b98-917d-4d7c-ba1e-3f8205be3f99,362
6735b367-ce31-4e4b-802e-42c26f3110bc,363
0ebcbad2-8a73-483c-8b06-5a126c082887,364
e13489c4-624a-4110-a869-0e1a5ba6ba32,365
f003dde5-82ab-4e90-a1c5-c12094ea0621,366
9d1dd255-27c3-4f5d-ac6c-cac2f2c05eed,367
f13d6272-6be7-4379-9638-6ca658657c91,368
90bfc7f7-a635-49d4-bca0-9ac46c3568f8,369
4c6dc154-8fcf-4d54-9bd5-8d70aa02cdeb,370
58555af5-5de6-4753-a7d7-98c001469d42,371
b761f7b1-1657-454c-9b87-f87508a821e8,372
0df12468-caaa-4be2-b910-9230b0e7e127,373
24422c37-5457-49cc-b5f9-8bb2797daf85,374
7167d61d-9e38-49b3-90d3-8a15dde9f0b1,375
c63a3e6b-8b17-48b4-a192-8c1ebefc1583,376
ad609fe8-1d9f-47c6-964a-a82a17112ead,377
deeb532e-8621-47a7-90fa-64d9ed2ccfc5,378
0919ba18-fc69-48e0-b279-286521f1ad22,379
19fc5ae4-b0d1-4b46-8cd8-a07e232b26c1,380
fd5eef41-351c-455e-b891-8595d5570bd3,381
7990004e-e424-49d5-981c-f24186fddab7,382
4facbe4d-9202-4e7f-99eb-862f1bb6a33f,383
d0df0c20-ea36-4884-a407-f8d144d6fcd5,384
f48349c8-6e6d-455c-9754-ec358f1c0b63,385
29e54c59-bc25-4e6c-8cf1-3c3ba0a51c50,386
9cc6d2c6-dd3c-40f6-a167-7c13cd18805a,387
4f7fa34a-b131-4874-91a1-d21c1684436e,388
0728f395-34dc-477f-8152-4c229ca23a8e,389
33b6fc26-f288-4e8e-aa94-2d9ea1d56b4c,390
979681df-a385-4c22-b273-568f393ed87b,391
be56519e-91aa-4044-abac-e759bc2aa143,392
42f50318-c8ef-4b7a-8ab9-5c6ce36dc495,393
0db72743-9cf1-4084-bc61-14a5954d1519,394
4af020c0-1ce5-4d86-acfe-3d9a826a5914,395
36b6f797-2bab-428e-91cc-464aa60dd11e,396
2a3e49eb-b1d9-4af4-b8c6-62dfeb56734b,397
abb10ea7-f918-4c9f-a640-7162827dc82c,398
eb406c8e-f75a-444d-b100-1c1c6cde2832,399
c53370dc-4666-405f-a13c-49b21c4da06c,400
4f61377b-ec5f-478e-a3b1-25035994d6f0,401
12e1ac80-6629-4d5e-83dd-a480df3d0620,402
3e7898eb-b3c7-48ff-a79e-c64c287113b4,403
7b5f74ec-8120-4b9f-b745-0700b3310397,404
9e554c16-f41b-4134-a114-352696d3a762,405
350c084f-f485-4733-bfbf-86ceead8134e,406
cbf262a2-e48d-4926-b2af-61e2ebdfb70c,407
4a3eb362-e6e7-477d-b08d-fb7153a24846,408
aa344062-6963-43ce-82e4-460ca684529d,409
96ab4480-4e66-4c48-b0ad-7f4e61838a01,410
9bfc2cef-c6e7-4eda-8bb0-02910d72d6a1,411
b129b829-9f89-4e5e-812e-becb92a86adc,412
c54b713b-7c49-4113-96e6-a3e874911d4d,413
246f8985-d607-4034-a37c-f87499bae0e0,414
8b2ab0d4-5917-41b5-8d10-08eac2e4ab90,415
77c7a854-9d8e-422c-8a22-38a694afc8cb,416
cadf1b25-fa02-45cf-b253-86e118526037,417
ec73909c-3495-41f5-a2c2-994a432e9e6f,418
8b762da1-9890-496d-a0ef-1065a745f967,419
41071a1a-737f-4590-908a-171496f17523,420
01eee385-1aa2-4e27-92f2-bda75b2c822d,421
2db69b59-5ea8-45e2-a971-24c0c96145dd,422
305622e8-2c44-408d-8988-79deddd009f0,423
9b00f347-6745-4ae1-bbe5-e0f50402acb7,424
89704343-03c7-44c4-abb4-32a932bded55,425
c1084e88-4791-46f4-ad18-89143d726969,426
d1c301ac-cca1-475b-bb9c-4dc1ff88de3f,427
860c8b3f-b1bc-45c3-82ed-3d9235f6a932,428
71515304-e830-4d4a-b64e-d45e370eb462,429
6217fd21-f3f3-46eb-9bb1-03ab79e195dd,430
57c936cd-6d0e-48dd-84d7-2a53ca1b843c,431
8087b8d5-0dbf-43c9-97f4-38a0a1885c9c,432
ea92cfd9-29c0-4083-8658-efc2234abc58,433
82c06604-8d64-46b4-82de-d1becb7fc73e,434
ab7bed64-b601-4634-91b6-58938b9e8cc9,435
18a6cc76-2aa8-47a2-8bf4-bbc21d6d4af9,436
4153ed50-63d9-48da-ace9-d1a573b7c80b,437
9f39b241-efe6-420a-9d9c-0707bcc7f7d5,438
d1d763fe-9380-445b-9d87-22f2b9b41e96,439
77e7cf6c-2ac8-4f3b-b0b1-84661fe44772,440
003de763-cb6d-4562-a158-979547060c10,441
b2730388-f91a-4c60-b5f2-cb31982de457,442
e7de6c57-7160-4a70-ae6c-b8fbe7c665a3,443
635edc29-bbb1-47c2-8976-87e1a4f00d07,444
836c280c-abe7-4f3d-944e-03dea250f726,445
ba59dfd9-59f8-467e-aec1-234c2156ccf5,446
fd19d3ac-c39a-4e18-9a84-71ce5c5e0cbc,447
0022564b-5b59-49fb-82a0-f4f3cc9fe865,448
a533ddaf-1598-423f-9c2c-38d14330c356,449
922b532c-1c9f-4705-9d60-f5024ae3f712,450
29bb8b55-99da-4ef6-9bb6-f090950f0fc4,451
ac086ef6-8a83-4d8e-a152-b3893c4c947a,452
c44f103e-7250-4fae-8ae2-06582098f3b3,453
ba973c87-4b51-480a-8866-07d3aba981cc,454
3c952e8f-445a-46ea-833f-77dbeca6f8cc,455
b9de48f9-775f-45c7-92c2-480199e4bea2,456
0fa50dd3-6b1f-4aeb-af57-c300f9e62bd8,457
a002999d-d01f-4db4-b070-37653e5b387f,458
a46b9b95-7ce7-473a-8994-31a4abc4f194,459
aa14a935-f66e-4be7-830c-937d15c5dd78,460
6edec5e4-c1ea-415e-b190-5268fd238e64,461
0bb38091-b6d8-4230-9f03-9b2ecfc35168,462
474e1367-429c-400a-a40d-ac40b0ffa12d,463
05b1e77a-7218-4d39-90a0-3cc8630c5cc5,464
cf0a9878-9bc4-4008-83e1-1aa3dcb08e21,465
1c53eada-0408-4cdf-b6ff-1ac28fa73d8a,466
b3bb6ab8-1fe3-4688-b93d-8c29ad94fe12,467
6d6c7bc2-a558-4f69-a826-1472c690b70d,468
290abce0-e80a-48a6-b7ca-f7d6085ef620,469
8863a44e-b50d-47df-ab2f-008c479d6e96,470
279320c1-0568-41b3-b636-d1971988fb57,471
4e47d5aa-f962-49e5-85e4-4b363e41af47,472
cebe5c8d-d28a-4817-89fe-f0d7b8e6f7c3,473
8223882a-f753-41bf-8b1e-cb0ad14f2a81,474
b8d8140a-4006-4569-9eae-0acf011c5d2e,475
2741cd61-98cd-48f0-9086-9e5aaf501d2a,476
d935a831-7326-4ab3-a11e-dd636be40d0e,477
91fc5263-4e71-49ae-92f7-a14f177f85bd,478
55fe16f3-579f-4dda-a7aa-c0ad36e310a4,479
f3c6817d-2c77-4d1d-83e4-7fc338ed8c61,480
1d8615b1-b6e6-4b10-b250-31ff0f87fe17,481
8c95eb98-10f5-46aa-9ece-b5ba89a61c6d,482
4a4dd4e1-35d0-4f78-94f3-292f30560bce,483
3777a580-b693-49a6-b6e2-8d14fec4973a,484
ba9da5ad-53f2-47ea-b290-d0a61841e8f7,485
d4d6b9cf-36cd-4afa-a4f9-80b328ca1dc0,486
8243c3c4-74be-4fa1-a6f5-aa7e5a9cd391,487
6e3e9b8e-9e49-47fd-a6f0-4f8972dd3f7d,488
ee7ca018-ae63-414c-bfaa-0d025cf926f9,489
d7478872-332b-435c-bc77-07d06c30c7e0,490
1e374767-0c6a-4056-88a6-7dcc708cfb7b,491
e9a56a71-e5bc-4dab-a7b9-a2ed833e91c7,492
9fdc841f-8e7a-4f44-8d52-68dcbdec03df,493
071205fe-f9e6-46e8-bd00-f63ad760d961,494
8c6bd807-4954-4abd-88e4-d0a8b02b567e,495
ce9a915e-68d4-4e10-b9a0-c2f9b5a0fd11,496
a95d573f-fdb1-4ad9-9bc7-e1f7393d3c92,497
6ef115d5-3a3c-40b6-ba97-9b7f5e2a0963,498
c4010eef-fb21-4a35-b044-c0560dbf37b6,499
f8148fcc-2606-4b20-ac31-0f92d30088fa,500
371e6414-28cc-4091-b538-76b451d6cacf,501
4ac28ddf-06aa-4245-b735-42f0cbf06ad4,502
e6d6fd12-1d8c-4a69-919f-d94ebc5ae8b4,503
967004d7-3e1e-499f-aa81-267ecc5301cd,504
c537412d-66b0-48a5-8997-b99994c9a3fd,505
0cbc4143-47ed-4f81-9898-62c79a2c646d,506
f15e1b8f-0b83-43cc-87b8-4b79750db390,507
6533ccab-4625-4e62-9911-3c3749ba7c7b,508
5f7a784a-7571-4a08-80b2-883c1cfc65de,509
168cbd2c-334b-4a5f-9466-df5f9553f45b,510
e0564e1a-8a88-4bb7-b778-3e863e2c07b2,511
2f8c9652-d342-4c3f-a82b-b0f82c1611e1,512
9483f157-dfdd-4cef-8c95-a0b4b68cafb6,513
c7282a3a-8b67-4215-91f4-ae2cc68e1081,514
b6b58016-e64d-4e54-90db-a4f783983daa,515
8c7b8038-ffff-4fbf-bb45-87567f65280a,516
3c81c6ab-60db-42e2-b409-f49d05f58667,517
b0b8ec02-0b9d-476a-b0ca-8ff150739bde,518
761acea2-df5c-4847-b867-ede2bab7a58c,519
93860b27-e1ff-4b77-a5f1-62f437c4388a,520
21757017-54de-46d7-8cf6-bdc832cd3259,521
94c4ac8b-3f62-4a7d-ad39-c5cee4767d88,522
ffabdc7b-4732-4ea8-a456-02658116bd64,523
9af27171-2021-49c0-a588-5f956ebf369e,524
5ad35587-a564-4175-80b9-ac39bfd3e97b,525
82ae91ea-0915-4ba5-b7ad-5f04e7666c59,526
7beace27-ca31-4928-8a1d-340300c2aefe,527
a4e8e72c-509a-4412-bc6d-69da87a8c28e,528
83aa81c5-aa5e-401e-a261-c4a05349982b,529
79e913e4-5ed6-4e80-8b3f-14a7fab40935,530
240bf252-376d-4022-8579-ebb69ead8909,531
624c3f59-73a5-4d3c-84b8-6ce71118c34f,532
2394bd05-c15b-4c72-988c-4608d76460f6,533
39b83d26-12d9-4592-88fc-792ff58c90c9,534
3ebe9ebe-a166-467b-a9e7-bfa279f1b513,535
a461ff48-e64f-48a6-80c7-5803cd3664eb,536
9e054817-4ca1-467a-ae8d-293684900877,537
17037a36-152b-43fc-b10e-4fab614e4bea,538
4960f82c-c8ab-41e8-adf4-5c2e027659db,539
1c84c23e-30fb-4504-8746-abf5bf0a3653,540
898606a1-c005-4dbf-a2de-0442211cd3e4,541
23689494-8e8e-460e-aa6a-ccf76b1dec8b,542
495b72e8-f0b9-485d-9a1a-f1dea4b37b9c,543
86c863a0-2c33-48f6-a73c-4bff212a9e1d,544
c5956443-f79d-4230-83f4-da987452d633,545
563d479b-01f5-4d44-81f0-e1a9fea9096f,546
d3373302-6d25-42a5-919d-93717d53abfb,547
2b752b11-504f-413a-9af0-eb3ddcb49656,548
76c2f57c-660f-42cf-a797-ea39e1f51053,549
fb2aa7e6-3c68-48bf-85f4-e1b0f3771949,550
2cc08e19-2e2f-4bce-81c2-7933242364f6,551
75bb1dae-33da-4a33-a98e-9e79188d183f,552
54ba2312-5a54-4058-8e0a-0c23dd01acff,553
8ef11c3a-2e51-4f8d-adce-6b7e06727d1e,554
e2159344-0fcd-44fb-98c4-669dfcb347c8,555
a04bc91c-5c67-416c-b07b-ced2e081448d,556
c80efa7e-afc4-4190-824e-f9477d0608a9,557
2b6abe44-0248-4ad7-b300-1c524db55cb2,558
dbef3001-0f80-45ba-ac64-605b31d4ff42,559
e797164d-a44d-4b8e-bcc0-301fcef896a7,560
6a447b6a-22e6-4af0-91db-c60b40c32cf7,561
0cc01678-ad11-4b03-80f3-1a08d5f85f79,562
70d88d62-79f9-4a74-9a7c-64afdab86420,563
66dc09c7-798b-410b-860d-5e4ce59bd84b,564
96aec81b-2c9b-4414-8276-e655e25e794f,565
b3771d30-5e9b-4e20-aaf8-b7e72f6c387e,566
b95b2f28-c2ea-47d4-a5d5-1b60bdbd679a,567
eaac2ba0-35f1-44f2-95d7-037d2612981d,568
465f717b-0367-40be-8ae8-097c7e326270,569
f54ac804-7b7d-4eae-8c4f-022c5c3205f2,570
3deb3432-8d48-4ecd-b654-e2407e00063c,571
4de09c2e-377e-424c-8704-48766212e3ae,572
b7a628d2-2848-4f14-b493-4a157b975db7,573
d89602f8-83a8-4774-bb4a-ff8a569d31b7,574
6c7c72c6-7974-4dae-a796-1cec90d6f39a,575
d1d0c45f-1afd-4219-9de5-2f156d2000c0,576
b0117279-4d89-4934-a73e-3fbb20781bae,577
88005fd5-8f0e-4aec-8916-c1600d0b7202,578
c997e0f2-96c6-4ac3-8cca-c087e131ff7b,579
0ad2f4b3-319c-47f8-9343-a82eb70f36ea,580
f5a306bd-b017-41fe-988f-fb73805ab5d0,581
3b163417-6c11-422f-9f7b-27d628cc9879,582
ee3cf20d-f1eb-492b-9e47-c284202221ab,583
50b77943-72a5-41cb-b820-3d04194d825a,584
b665d21b-29e1-4651-9b9d-328af7d1d113,585
e94ddb67-ac5f-4a78-86b9-d3fe664acff8,586
f5ca58eb-021b-466c-b842-f9461707cd93,587
db712fbf-b328-4c7f-ac5d-7809064aa412,588
dac356c0-c7dd-4c87-b568-5faaa4b4d00f,589
a9a86b20-8acb-42b7-be0c-0f93d82cbe5d,590
0c01b731-7229-4725-adc6-cb48bd0e156e,591
7a60a187-5824-421d-80d1-cc2f2b22583f,592
937f8e00-d55e-4746-9862-4289d0b7a3c8,593
b4ad8633-2f5c-4643-96cd-04b1b832b5c9,594
a8a7cf15-bfea-420b-b29e-f25132ff62ae,595
c20d50a7-6cd6-4f1d-be67-f627e511f522,596
0dea0c04-8eea-4a3c-87b2-858d3efdd074,597
318e57f1-18b9-41a6-8554-0afededa86f6,598
2d61d78f-1887-42b9-8639-bd486808ae41,599
084a7456-996e-4d80-9252-38b7396ffb66,600
07c86599-2bd0-4283-a67b-9fdd5354a830,601
f6e36d26-6bf8-46be-b833-c25c3a14ea3e,602
69801ebd-8d43-4bfc-aa76-7dbd72a21221,603
123295d3-30a4-462d-a740-d7304a8a7e97,604
9ad556ce-41f9-4259-8a8c-5af84fed31d3,605
059fbadf-215a-4292-abca-6ff4a770b13d,606
57a4ecab-df2a-4f62-b24d-b514dfbf2b1e,607
212c3e49-b7a8-4f72-816f-e623e3c6ef3e,608
5add9b5c-2f44-4a8b-9883-49c61a7e490b,609
a5e7657a-579d-41ac-a66f-66ca82f3469c,610
966d1ce0-4389-4257-9e61-2a833f28d4ad,611
fd30ba36-2e80-4769-9fcc-7b096c8cb479,612
14b177f4-a80d-4a70-95c7-e40c293ef55b,613
3914b709-7382-42b4-9d27-2a722637f43b,614
48359f47-aca8-4dc2-94a1-83136339defc,615
bcafd1bc-e2a5-48dc-9ad4-3e40ee9e6299,616
1350b596-3c67-46d4-9804-a53f24f10f75,617
4b1d29df-f06a-4069-86c9-115822561d12,618
8e7fa402-1352-4e7e-b506-e4632d16e375,619
662ed6b1-9377-4b0c-b4a8-85d5d7f1af57,620
1da55f63-c3e8-49d1-8a14-f1dc438afd19,621
8c024f50-1d7a-45de-a548-09982ecb7b9c,622
b4997255-a0b9-45b4-88f6-88099746c7c9,623
ccf67fcd-8b3a-4ce0-87c2-40994da7101d,624
0749f746-999b-41fb-9798-c3b4424546da,625
8aa45345-58a8-4de8-a851-02d90edfe51f,626
498ca918-b3b0-4d7b-aef1-6c51647b0fe9,627
2c7b06f6-922c-425b-bea5-da8e038a3148,628
d95280d3-65be-4ca1-a516-71bbf6e0792c,629
9f745e1e-abf9-458a-ac87-74fd96024b4f,630
af2fa72e-f1f4-4976-9746-d167264f13fa,631
9e2e89d0-b555-4174-831a-be0863b3515d,632
1febd9d8-0667-4487-9d78-34ec830b8c34,633
da59e3c6-b960-4e4b-ac5b-69df245ad85c,634
eef9e4de-55dd-4cef-b427-1a24a6d25c10,635
5f899dc5-b0bc-419d-8d01-e5dcb183eb95,636
f94f47ca-0ec5-45b6-8b37-37b147acbaa0,637
535cb483-975c-477c-b1da-885cb3b2c003,638
b3961631-bcc2-44da-8ba2-e6a6df52e138,639
bcde0d72-8e4b-49c5-82fc-02aa44e103b4,640
838e2c0c-4fd5-4ac3-a15d-bc09c09616f0,641
64632163-e66b-4635-8deb-cc896fe2db81,642
0950636e-907e-4371-b55a-f08b6706294b,643
c1945111-6ca8-4cc8-a76a-e59cd69fbdc6,644
7bed34c5-d6fb-48d2-9953-6f81e507059c,645
cab44343-99c8-46f4-b1eb-4b6eac74fbfa,646
7e86723b-2a84-436b-ae04-444dee1da7f1,647
847dadb0-5ccc-4c16-b3b8-b1c7c5f2e965,648
3e1b96b6-97ce-4ee1-8b8a-4dde720f0f3f,649
c04f7d3b-5151-4720-a782-a773cf02e7ac,650
ff17fa67-bb4d-4424-99ee-38ff115bf14e,651
6197982b-c009-431c-a941-7d23dca13af6,652
3b8fc032-e310-4b33-919a-27e8f277180e,653
03c7f671-a255-4554-bb9a-7bea6676795b,654
62be4091-19fb-4b3f-aafb-9f8aaa7a7b22,655
121547e8-8900-4337-83df-2ccf7338fbeb,656
e33be682-c812-436c-a0e3-e8e84ad8f0b3,657
3aafd329-8d0b-4834-9ed8-b02e3ab51812,658
8def8cb1-3576-403e-8593-eff11a897314,659
a700b00a-b206-422c-922c-1cf17313ed67,660
584224d1-9b6b-487f-8399-cd62085519e4,661
a0e86960-ea01-496d-ab5a-a21490681602,662
57b8e1cb-c292-43f7-b462-82bc333a416f,663
999c2a34-0dd0-4fdf-be82-723a4daafe63,664
a8e19045-0fdc-4444-ba87-923cde8e720b,665
3e18a446-dfaa-4675-81d9-d63870b09466,666
e76ae306-e973-4394-b4a6-1f960954d6b2,667
68c430dd-c52e-443b-9101-de0d5565f8b1,668
d1f7bab3-24fd-4bfd-aa21-4d9be15051e4,669
126adabb-4986-40ee-9389-f45ac4ef9f0d,670
3bceb87b-64bd-40fc-8296-7f71bbffe71b,671
a4fe1ddb-f43e-4956-be8f-2dc8a44d3ef1,672
92fe595e-9d20-4b58-8055-dbc3acc9425b,673
5fd98705-7f60-43c2-b79a-b70ace2c9357,674
f88fe219-4812-4857-ad6f-59f9af62aa63,675
aa086e73-6c8d-4a8b-8ea3-9ccf3d2e383f,676
395dea80-8f3d-4a23-b335-1034fcdfbba2,677
01934e7e-e78f-44d3-8ed5-f456a67ff44b,678
2f76d39b-711a-4967-8446-45d42d765694,679
7a6451c6-76e1-4011-a08c-8e4ee627cfb5,680
17c866f8-7d87-4ffa-86ae-97a89e4dc108,681
edb3e78e-b21f-4148-9cb1-d9fb618250e5,682
515d9b92-1fde-478d-ad91-05ca54be72d2,683
930a53bc-c4e4-42bb-8ab2-4fc8988ac7b2,684
64bcfd6e-15fb-45ac-91fa-bd146ec77ec7,685
63a5ca03-3644-49ae-a26d-5932671c0c2a,686
259dca13-ce08-41d0-b0fd-d996ed3580ad,687
6a07f333-9054-477f-a3ea-59ece7825adf,688
48445c0e-649f-44da-9b60-2c128a1bda7f,689
42bd7413-f6a8-49e7-9cba-e1c82ac47c46,690
70100730-35df-4c7c-98b7-33c49743f065,691
17c6d080-fa7d-4417-97c3-d5d6e1eca618,692
9d1d80f8-397d-49f5-8739-82792dc4c691,693
707afbe9-0f70-42d9-8aa7-8dc420f6f523,694
ec9926ed-4479-4065-aaa6-759b761fda9d,695
b9eebff6-774a-4ea3-a92d-913fddb8fe5f,696
de314e4b-ff2f-40cf-a81f-dced00a6b0f3,697
c355e182-cf35-4c99-a19a-980ad81a8905,698
ac4f7820-c013-4c80-aa9c-a7934592aaaa,699
1a9d1280-49d3-488d-b380-11a8d3e139d0,700
ca668f9b-b3f2-45cc-9a22-c6d2bcfb9563,701
e244bab4-91de-4bdf-bb95-2fda1cd57735,702
e9346581-dded-43e9-b619-5f8e8ccb9553,703
ef728b05-9d97-4277-af52-ed4b9a4d464e,704
f25e9f4f-8ce3-4176-84af-7b9696e55ec2,705
92312204-d5c8-4694-b092-ced01782d80c,706
74c280b3-8365-4d09-b68c-a59f10aced29,707
4f2aade2-941b-4c04-bb10-a2ce3cd1410c,708
38c96562-9c66-403c-8df5-9b6226501c95,709
87b55f9e-b468-48bb-ba46-0181a8fcb15b,710
2dfa994d-fbea-4e61-b004-d1ad754a835e,711
99d02f9e-e1d9-4e68-87d0-8a3b59c4e371,712
a6521e67-90b8-49f3-aa73-8219675ece21,713
7f1121de-1a9b-4ad1-8a5f-9ce891bc5678,714
8538daa5-c577-4876-b2fb-b4b1f69c4c2f,715
d4768656-a01c-4b76-8bc0-8092b3a28a97,716
144f70f3-1d55-40bb-ba3e-6f761f5facf0,717
1854d7d4-00e1-487a-92f3-1de2cd265bdf,718
8624ed29-69bd-4d71-83be-d4ab6e39bba9,719
79a3d974-af56-4c86-bd73-9d81e5068d18,720
6890794c-4faf-4670-b013-1020c523a210,721
b68805ff-50dc-4d6c-b448-42fb3c7b2a17,722
5f415908-9322-4049-89ab-427c531ffe1b,723
ee3232fc-4c94-45e7-b049-a7dfea9a2c39,724
e7cb80c9-aac8-4a34-9ff6-f3abc11d3dfb,725
8c30e4d9-8b7d-46e4-a420-edefe5b8ce71,726
0eff8552-bd75-4a04-807d-f8be40d2ca13,727
a6dd03a8-abcc-4e24-8971-185197ee578f,728
a3c2d343-13af-4d9d-835b-929f456f66e4,729
332b859d-d912-47e0-b76c-d3e1324eee43,730
952d7196-6d16-43e8-8a7f-7df1244c2aca,731
df364d57-fb2d-4b4a-a0ef-47870caae258,732
8efcd12d-031a-4a10-9719-bd5f6e14952e,733
7e07e970-1308-4698-9f0b-c701d4577384,734
d6aa6a5d-a2e0-4445-9447-77f16fe74bbc,735
d12735a3-326b-40c9-bd3e-f8916438b1ef,736
6e891270-9173-42de-9d61-28de88fe1059,737
4c8a32c0-8ad7-4d58-9b4f-f19125ca8db1,738
da28e650-efec-446b-94a3-94d6c04636fe,739
2e294a70-ed3c-4e33-a0aa-423706b4eda4,740
50f3cc4b-65b7-4aaa-b8bf-349026a65976,741
f57cba77-f0fb-4f34-a9e1-2aaba97d3151,742
f7468588-6cdf-44aa-aff3-15c01de2ca68,743
18e1facf-f883-4da2-8f60-e80a152781aa,744
2c381249-93b9-4b32-9480-50ccb26c0223,745
546ebbd3-36af-4927-a0db-f5ebe3e898cf,746
667a4096-1cd6-48a5-afd5-c7bd035ff5c3,747
65237867-0c59-42fe-9218-a680dcc8e7ff,748
b4b72f09-7dea-4f0b-9ec7-bcc8a7f93d3d,749
ffea9e6c-13d1-4665-88e2-f09e28b97b7f,750
629f18f7-52ed-46b0-baf7-bf426aef1178,751
5b30dc42-b713-4135-bab4-467f3d059cc7,752
ebb3e713-8bc7-4be5-8ce8-7b7946873ab2,753
1574fc4c-0cfe-4c57-9ab4-a903338b9a6c,754
24b7f442-d706-469b-a94b-80b10f6672e0,755
b68549eb-0634-4c9a-9f98-62ed1cafafbe,756
d9e56f97-b7ac-45d3-a3a5-7cca8f5eb3b1,757
6182914a-1e15-4237-8818-fac72ad365a8,758
fb61bf97-40db-45c5-8f49-15e431343958,759
c757ea53-d079-4738-ae74-123c0b930b64,760
0b2ff6d2-d3b6-4d48-8c11-41f508fb3405,761
6cb3c4cc-5dc9-4832-a2c1-ffca069ecd1f,762
71363eb1-c113-48b4-8363-8896d6fa9517,763
3214c888-ed31-4bd3-af31-b242d33ce47b,764
e1d34f69-f27f-4c42-be3f-ab15078c589f,765
1f518bb4-a885-4ec5-8bdf-b028bbc9d35b,766
aa27650a-c799-40d8-a717-cdf1619b1fa1,767
65cea5e9-6dd4-4e6c-aea8-d5af1ce02b76,768
4d57c150-adde-4bec-b46a-41e55ebfd6d1,769
dc97cc58-dad7-46fc-8971-d2362f9c857a,770
81f71c65-a463-473b-8711-6a1805175ab2,771
28867669-70a3-4872-91d7-505b30643d8f,772
e0a6b048-3e34-4aaa-ae92-4511781b69a7,773
19adb7d7-e498-44f8-8d19-c45033527c14,774
a09a9148-04fe-4346-95ee-bd0173eb5134,775
471a84e2-e758-4b6a-9c24-845e7bf2c42d,776
c6f5eb0b-37b3-431d-bc06-21d1c48df6c6,777
239721e6-74d8-4b5e-9db3-c1ac061b36c8,778
1d2368d3-b11e-4b84-96d4-920e89992ab0,779
4301d9fc-26ab-42a8-82c6-1cf9d74300df,780
25499c1b-4b87-4163-9182-ca514875d650,781
062d9c4f-b611-4bc5-90cc-4d307fe3a562,782
287faff9-a803-4b60-9f7b-6ef104de971e,783
41637822-3139-4c70-96ef-483a749266e7,784
46510762-5777-441d-8bb2-ceef2cb71716,785
b178be45-c7a2-4fc1-b174-c228c102c59c,786
f1efec7d-19e5-465f-9ee1-d9f8d9405906,787
3fc8a2d4-9928-45b7-98f0-873ace883d24,788
0a4bce26-5799-4016-bb80-05fc6ec6c0af,789
691463ca-6f18-448f-91ed-54cbba9fa93a,790
27ceeaac-14d9-4405-8b29-fdcb18b10ce5,791
8cc7960f-b5a2-4d57-950a-3da7962b8d84,792
5c36e585-5ce3-40f7-9c91-a540067292c6,793
21be5d19-20c3-47a0-8135-26980894a03f,794
728ed24f-52c3-43c8-925d-5ac1146536a1,795
88858ea9-a2c3-4698-836d-1b588090d5ef,796
4f5d6305-849b-49c8-941d-2d9b57426a73,797
9b6215f8-5e5d-4192-a437-c758976a19cf,798
53e9764a-d819-446e-84bc-d0b1ae62c47a,799
4dcffb5e-c2bd-4ba8-ac80-f8fbe31f9065,800
08501be0-0ead-410e-87a5-b331f82b155f,801
fde5fd4d-d76a-4c9e-bacd-fb86775f8af1,802
4108a5f2-96cc-49a0-976d-778585302485,803
d94c398b-e0c8-4943-9feb-235d76c9647a,804
b2efd42f-3e7e-42df-a6c2-a0d74ab99ff0,805
a3496c00-f867-49fe-819e-730f5c8b3867,806
deeacece-8e80-4d7b-9ab1-4bdc3f0f141a,807
67e28967-17fb-40b2-a286-9ca2e958b893,808
7302bd57-f0cf-40d5-9531-e059d8cf1138,809
5b58c29f-8d7b-49d6-9935-d0752cbbc2fe,810
0c619ccc-7d5b-4dc6-a449-570053198d4d,811
ffbaf099-b646-4287-98e0-7f2eccb6ee0c,812
f932c98f-c1a0-441d-9412-2036cf3a9d07,813
b03f5cf8-4bf9-4c83-894b-3ba77d3df558,814
5f755a41-6828-4c65-8623-b0716bed586d,815
b89fb333-9098-4c35-9b85-bd6c22e2dcb1,816
72910564-220c-4837-8882-03375d2ab3da,817
ec246d78-e43a-47e8-8d32-cde092fa15f0,818
223180d7-13e3-4a28-b2b5-393e75ffc98f,819
5c6f4783-3ad9-48b0-a5b9-b187609120e0,820
31184268-6f1b-4a5a-9517-925b015f9048,821
087ad5e7-0cf3-4c9e-9ebd-c4f8f828052d,822
59c3e90b-597e-4c82-bb96-81969e5d97db,823
40e635ee-303f-40d9-89f3-cd36e77da5a7,824
f0bca9a3-2c61-4238-8d28-a670611f5118,825
5a970cf2-7957-43ac-b82a-d886a38612ff,826
e4729264-376f-4041-acb3-00d439a6d936,827
939222e6-00e5-4907-a184-ec9df3dfa2b1,828
71a8f12e-8807-43f6-80ca-35eabdb2558d,829
81f71ed6-fd3d-4194-82fb-987e4103aec4,830
a373de96-b306-4ed7-a506-3ad2b932b4e8,831
2a2d827d-994d-422a-88d8-3ef046359bb6,832
aafdabde-fa4e-49a1-b6ba-cb5a890a9282,833
6dc07b05-5023-4ab2-ad2b-a6660e5e1b8a,834
ac831294-2b30-4a88-99f0-fd47df548b82,835
ce037cfa-ad0a-4c60-8930-9ce328dc1d38,836
4b9c9ec4-af96-44c8-b555-83d783fad6e9,837
30b0ed9a-37f1-4170-8c9c-1c9e2f8757ac,838
a9c2960e-d58a-4340-aac5-2d713134e63a,839
35441321-ae45-400d-97a3-c7838c04ae15,840
6e2d68c9-e41e-4f97-9425-cdfdd9182277,841
139c2929-5f7f-4231-8d89-10af9eb56ef5,842
ab707bba-66f1-4e6f-ae11-dd8728530807,843
2b91f570-2091-447c-af61-33878468b0cc,844
00ee5b09-1e2b-412d-a2c3-0552c659c59c,845
310bb89f-95f7-4508-aa3f-4380321fc8c7,846
f25a5c41-e7e1-4c84-a295-bb5c762b6c59,847
588c78e2-3f1f-4571-9817-810fdb831659,848
2fc76a56-bec9-4bf8-96ab-d16efdd08c9d,849
cf6a4f5c-f873-48ee-8bf2-d589718c5209,850
c77c2853-fdc4-4f7d-8e2f-299f009b3410,851
87110a30-457c-40a4-8ebd-ecd1e94a0e1f,852
ffb49189-f69a-4667-8235-d0c5b44834ae,853
f748c95a-7b2c-440e-bd1f-820c32ac8635,854
d0d8ea66-1bdc-4240-a9ad-0cd99e7a396e,855
b3f1f6dc-47d9-47cf-85e6-e6132f683373,856
a49186a9-4223-4112-bbca-5d3a8a1d77e3,857
1a82bbde-a863-4006-8cbd-4b14e6c4ac52,858
7d89a27f-4040-4b60-9801-3219372c3b0e,859
5feb9da1-bf76-457a-8ed7-93c019cf698b,860
759cbd83-80db-4643-9a3e-a2865de96b68,861
217a028c-b510-4110-8b27-56275a540d16,862
01121464-440e-4d19-b51f-f6faac4fd395,863
f75ed24f-ba69-447d-a580-f83a7090fb1e,864
ac205647-2296-4243-81dd-730856363583,865
67907663-888f-46e9-a9b9-e66e00dbedff,866
bc4d350a-5872-4d4a-a485-a7e8b224d8dc,867
53680a9a-0f28-4e8f-b742-a026bd30e607,868
032b9de1-dd98-4fa7-82f7-0e398632acf7,869
23dc2023-d604-479f-ba33-64f25434fd12,870
95c0c2db-0c5a-4f7f-afb0-1d4a4e2885bb,871
dbe2cfd0-0001-465a-9c52-6e8c91bf18d7,872
a6b72a63-a26c-47bf-b1d7-a6b8990f667d,873
22d39e3f-1dd1-4f51-8a08-debdddc8b04a,874
3d89ab2f-0d31-4e7b-90b9-884b99b69a38,875
3cecf905-695c-4ed0-ba67-ba410ad781d1,876
393c0ecb-ca1a-45e7-93d8-f48d8897ad42,877
7916d18d-1da4-41f4-a461-d197374fc167,878
2fdc2034-50f2-4951-8aea-6bdd39a25bf7,879
981f0d81-162a-4626-bec7-77ce3707ac53,880
5e20d1e6-1190-4793-a553-59f3517c9cb6,881
f7c101aa-a8d8-46b6-8292-4edbcd596497,882
784ebd40-3333-460d-a88e-6ef6c2828e94,883
bb1aea11-b9e1-45bd-9936-2ba5c298ebaf,884
730bdbd9-d34b-403c-bf11-c445cf1a1e19,885
5fa51678-a308-484b-8297-cd3776a3d102,886
6b3286dd-89f6-4506-8037-cc6552f7d44e,887
9c648389-5130-4ffe-a360-af0a8687d83c,888
459b90dd-3c85-4faa-9316-922578dad626,889
ca0b5469-ce2d-4cbf-b9e9-f8d1b4601fa9,890
6554b4e8-e0c2-45b7-9258-77aa6f688387,891
a65f0be1-11b5-4938-b19d-fd715b4dadd1,892
7166f443-5ed2-485b-b7f9-d6607b5e2d5b,893
8cab69f8-fcbf-4524-b3a5-73b83ba67f66,894
0b553604-f3a0-4fb0-a9cc-4beb8921e576,895
e9d8acf0-69ef-496f-bb2f-a2afb893235a,896
b024fec6-7bc4-4e68-8e8b-c7d10f469b65,897
84d273a7-824c-4d31-8aba-84717e137cfc,898
f305d7e7-f623-4656-8eb9-72535788045f,899
c12647f3-d65b-480a-b64b-4c0d075078a1,900
2ba6af61-4656-4fd4-907a-8677dd934962,901
fce85c16-a123-4ec4-9bda-10d8f06de85b,902
0836673a-46cd-4281-abd0-fb796f1d66c4,903
b75d2fde-a39c-40c5-8f30-48b2db117caf,904
e95ca387-e0d6-46db-b413-cb9581723788,905
7cdb4c7e-96f7-4d31-9fec-91e35aae56bc,906
84b918a3-2c70-4378-8ef5-bb20536d590e,907
46ca3629-3e86-4132-8422-2f12d719c9fc,908
a6498587-007c-46e7-a624-5c68fe1f582f,909
d875fae9-cbe0-43ad-84fe-71c6259191f8,910
e0aceb11-8e8b-41cb-afa0-e6723cae148c,911
22bd8709-94b8-493b-964c-4620370790d8,912
3f79aa13-2112-4f88-a35f-e0100306d5fe,913
5f3c6170-d00e-4815-bc61-6aa7bd7a3f03,914
1fc47aaf-8e9c-4ea6-8781-b14ef49039de,915
4a0771a2-0121-4f56-9010-46c94e5bc310,916
03b76120-c709-46a9-9dc8-ca3369d79973,917
2352e86e-3789-465e-9a6b-c588674138a1,918
027fe07f-0311-43bf-af38-b106f2a9e14f,919
47816d47-f0fc-40f3-a38d-39fe775efb28,920
903a0e30-fb60-4d94-bcd8-6277f19b608c,921
e3bfa833-2ebf-410e-ac34-57447fee09e1,922
8d06b69e-ec65-4920-b65e-0ed0bbc181a5,923
4087357c-05fe-49df-8089-34724d08128f,924
61e54fdb-0a5b-4c9d-b5e2-4a7609ab2a35,925
996c3550-a2d3-4193-acea-8222a08206e4,926
83435375-b536-4f57-ac1f-fad4d72e4f56,927
7a297499-5c73-4e24-ac19-f878998a7301,928
205f63f3-8faf-4666-9476-c00d1b32e8f1,929
f98407e1-4909-4a04-aeff-d90439c517c7,930
a9eae43d-a1cf-4fbc-914a-95425ebc572d,931
f781db01-dd83-4cf2-b426-704c81d4abbb,932
caeabcec-99f8-4053-8cc4-8f142dfeff1b,933
eb769e87-ea0f-48d7-95d0-80c76da3e83f,934
7d668026-8c40-4b8f-8499-57499aa6a483,935
8641b20a-7099-4716-b24f-e98be40ad05a,936
be876e68-010a-4cdc-aaef-f348c33e7f6f,937
56b2ef30-d53e-41c5-a326-ec63c2d5cb1e,938
268c9d84-c2e5-4102-ad8b-24670e1663ca,939
5aae3f59-584b-4134-8d51-b807aaa69af4,940
f9d8f325-3345-41b5-8be8-2f813580e530,941
416bc278-9459-4743-8499-b65ecdf71305,942
ec39e2b8-a02d-4204-bb2b-97646a069437,943
9a671bc4-e3b6-443f-a18d-ef99359db0ee,944
bd93f3c5-5c48-4b7b-8ae9-bf0fe5a714e1,945
db98d3b8-21c9-401b-a7d8-195fae72a020,946
bb8dec28-441d-477f-99f8-c49d363be147,947
a239970c-4525-4f68-8967-c4e27535c91d,948
7376f4dd-56f9-436e-86b9-41cebc13b1c9,949
dc32ffa1-6cdb-4738-8603-bf7a601407eb,950
ccbf753b-890e-4eb8-ba5e-93441666e51e,951
05975fbc-420c-4021-928c-671f8397e4f5,952
5a313366-d850-4a90-a5bf-e83a042a94ea,953
4228648c-ed23-41ed-a820-811495c749bf,954
4c62720f-8fad-4990-a60b-96a9c36b4a07,955
5dade458-9ec1-4966-b007-5116117066ac,956
e445c876-3ddf-4224-922e-c5e31f644594,957
687c9f18-e881-41d6-b05a-ae29fe87a933,958
6a759bba-694d-4338-9b8d-5dda061f6d68,959
67cf31ba-0fc3-4a50-81d6-f96260cc5752,960
5e278604-17f8-439e-a4da-394dd73d534b,961
06d68ab5-5f7a-4baf-995e-010ffc197be3,962
94463d73-17d7-4b4e-80d4-e947611a2420,963
4d59430a-0741-48de-9c07-46cd6bcd2bbf,964
4ea6e0d3-03bb-4080-b0ff-2f3762b0f677,965
8b6b6971-118b-474b-9ecb-e4de4e73dc6e,966
52723269-c63e-47b9-a1b3-45cb601e4580,967
221e4016-a1fd-4456-90fa-8acab01bf2c7,968
6cd550a5-3829-456a-b0d1-d2c540bb03e4,969
a754b838-8e24-40c3-b7ba-73f417b79e02,970
e387ab17-780b-4960-a7ad-7a2e025007c4,971
0f9ce3b2-f04c-4518-8ec5-cd31685a945e,972
058c9765-e74e-4f27-a8a9-7efb896e1a66,973
97974e5e-cfab-4344-b5c8-dc1c9bd12089,974
ef71bda5-2c37-4f1e-8f57-cc4680210ac0,975
0a72eb2a-38c7-48ab-bac8-b30c9b23f055,976
0514ea18-414d-40ed-9b39-862da8676684,977
5ac9090f-f66e-4e72-8168-ecc88728fe17,978
b9ac688e-0038-43bd-bd98-9e093a419f4f,979
cf5fb6e5-9818-4eee-a841-407bcac8c80c,980
cf1a862a-e053-491c-9033-f7e15544e93a,981
321d72fc-96d5-4347-9852-e969eab86e83,982
a9714530-4f79-4468-ab8c-a74f51ae64bb,983
d5573d67-85dc-4a5e-ac8c-86cc949e0a06,984
e0d4f01d-b238-47fb-8c92-77cdc2a0d01b,985
b85d5253-8487-453b-b5f8-3eddf65122cb,986
423ec17f-6683-425e-864d-ffaec6fc303c,987
8d288ca2-2256-44c5-8708-e30b2d238aa9,988
41f85f76-6321-4351-a6d8-cc898ac6eb3a,989
311bcfd8-f8b5-462b-af9c-830c4bcdc9fc,990
6a42fb74-482c-467b-b101-4092b49d3955,991
ee0fb812-a6d6-4485-a7e3-fab68a6ad70e,992
f6f3cf48-d65f-4892-870e-fe7ecb633415,993
5705de32-b984-4859-bcc2-e4fc99018d8c,994
c7187cb1-b01d-48a9-8d9a-53770cb8114e,995
5af921ca-fd51-46ec-89b0-1f3ec8905345,996
09a9dc8d-9542-47c9-a6bb-de0b1e9fc3bd,997
85b28fe6-28ab-41a3-876a-f39128635bd3,998
1e14f433-f01f-4dc2-935f-0426d752aac0,999
